,CODI_ID,PAGE_NUM,STYLE,DATE,VIEWS,TAG1,MODEL,CODI_IMG
0,36347,1,고프코어,23.10.06,조회 136,캠핑 즐기기,모델 : 다은,//image.msscdn.net/images/style/list/l_3_2023100510301500000064776.jpg
1,36345,1,고프코어,23.10.06,조회 237,유틸리티 웨어,모델 : 다은,//image.msscdn.net/images/style/list/l_3_2023100510252400000039956.jpg
2,36261,1,고프코어,23.09.29,조회 650,감각적인 매치,모델 : 양지윤,//image.msscdn.net/images/style/list/l_3_2023092616353500000098025.jpg
3,36004,1,고프코어,23.09.27,조회 580,환절기 고프코어,모델 : 김승혁,//image.msscdn.net/images/style/list/l_3_2023091415195400000029410.jpg
4,36295,1,고프코어,23.09.27,조회 836,그래픽 더하기,모델 : 김보성,//image.msscdn.net/images/style/list/l_3_2023092712174300000017100.jpg
5,36291,1,고프코어,23.09.27,조회 283,가을 고프코어 룩,모델 : 김보성,//image.msscdn.net/images/style/list/l_3_2023092711570000000047622.jpg
6,36230,1,고프코어,23.09.27,조회 669,고프코어 룩,모델 : 진킴,//image.msscdn.net/images/style/list/l_3_2023092516010300000087145.jpg
7,36229,1,고프코어,23.09.27,조회 340,가벼운 캠핑 룩,모델 : 진킴,//image.msscdn.net/images/style/list/l_3_2023092516003700000001503.jpg
8,36129,1,고프코어,23.09.25,조회 574,[이동연 스타일리스트] 테크 웨어,모델 : 김승혁,//image.msscdn.net/images/style/list/l_3_2023092110553800000080872.jpg
9,36128,1,고프코어,23.09.25,조회 200,[이동연 스타일리스트] 편안한 매력,모델 : 김승혁,//image.msscdn.net/images/style/list/l_3_2023100509081100000019803.jpg
10,36127,1,고프코어,23.09.25,조회 468,[이동연 스타일리스트] 개성 만점,모델 : 김승혁,//image.msscdn.net/images/style/list/l_3_2023092110493500000030306.jpg
11,36126,1,고프코어,23.09.25,조회 223,[이동연 스타일리스트] 캠핑 즐기는 법,모델 : 김승혁,//image.msscdn.net/images/style/list/l_3_2023092110464900000036580.jpg
12,36125,1,고프코어,23.09.25,조회 359,[이동연 스타일리스트] 고프코어 스타일,모델 : 김승혁,//image.msscdn.net/images/style/list/l_3_2023092110425700000033483.jpg
13,36124,1,고프코어,23.09.25,조회 319,[이동연 스타일리스트] 돋보이는 디테일,모델 : 김승혁,//image.msscdn.net/images/style/list/l_3_2023092110400100000078412.jpg
14,36123,1,고프코어,23.09.25,조회 255,[이동연 스타일리스트] 아웃도어 패션,모델 : 김승혁,//image.msscdn.net/images/style/list/l_3_2023092110365800000062252.jpg
15,36122,1,고프코어,23.09.25,조회 340,[이동연 스타일리스트] 벌룬 핏 실루엣,모델 : 김승혁,//image.msscdn.net/images/style/list/l_3_2023100509083700000058455.jpg
16,36121,1,고프코어,23.09.25,조회 277,[이동연 스타일리스트] 활동적인 날,모델 : 김승혁,//image.msscdn.net/images/style/list/l_3_2023092110305000000082737.jpg
17,36120,1,고프코어,23.09.25,조회 269,[이동연 스타일리스트] 유틸리티 룩,모델 : 김승혁,//image.msscdn.net/images/style/list/l_3_2023092110271200000055135.jpg
18,36186,1,고프코어,23.09.22,"조회 1,235",아웃도어 룩,모델 : 박석민,//image.msscdn.net/images/style/list/l_3_2023092211553300000059181.jpg
19,36164,1,고프코어,23.09.22,조회 611,따라 하고 싶어,모델 : 권수희,//image.msscdn.net/images/style/list/l_3_2023092117351600000070812.jpg
20,36162,1,고프코어,23.09.22,조회 234,여행 가자!,모델 : 권수희,//image.msscdn.net/images/style/list/l_3_2023092117311800000085946.jpg
21,36157,1,고프코어,23.09.22,조회 286,고프코어 패션,모델 : 권수희,//image.msscdn.net/images/style/list/l_3_2023092117155400000054654.jpg
22,36058,1,고프코어,23.09.18,"조회 1,103",고프코어 스타일,모델 : 소안,//image.msscdn.net/images/style/list/l_3_2023091809584200000041820.jpg
23,35955,1,고프코어,23.09.14,조회 183,[24SS 시즌 프리뷰] SOFT UTILITY,모델 : 지호,//image.msscdn.net/images/style/list/l_3_2023091308483900000073004.jpg
24,35954,1,고프코어,23.09.14,조회 93,[24SS 시즌 프리뷰] SOFT UTILITY,모델 : 지호,//image.msscdn.net/images/style/list/l_3_2023091308472100000022415.jpg
25,35953,1,고프코어,23.09.14,조회 236,[24SS 시즌 프리뷰] SOFT UTILITY,모델 : 지호,//image.msscdn.net/images/style/list/l_3_2023091308454200000008529.jpg
26,35727,1,고프코어,23.09.14,조회 135,[24SS 시즌 프리뷰] SOFT UTILITY,모델 : 장다니엘,//image.msscdn.net/images/style/list/l_3_2023090816124200000099455.jpg
27,35719,1,고프코어,23.09.14,조회 114,[24SS 시즌 프리뷰] SOFT UTILITY,모델 : 장다니엘,//image.msscdn.net/images/style/list/l_3_2023090816004400000016783.jpg
28,35715,1,고프코어,23.09.14,조회 129,[24SS 시즌 프리뷰] GRUNGE REVIVAL,모델 : 장다니엘,//image.msscdn.net/images/style/list/l_3_2023090815553500000031832.jpg
29,35714,1,고프코어,23.09.14,조회 123,[24SS 시즌 프리뷰] SOFT UTILITY,모델 : 장다니엘,//image.msscdn.net/images/style/list/l_3_2023090815541000000049781.jpg
30,35826,1,고프코어,23.09.13,조회 214,캠퍼 룩,모델 : 송유찬,//image.msscdn.net/images/style/list/l_3_2023091117121900000016172.jpg
31,35680,1,고프코어,23.09.08,조회 703,고프코어 룩,모델 : 유예린,//image.msscdn.net/images/style/list/l_3_2023090810552100000012641.jpg
32,35584,1,고프코어,23.09.06,조회 760,트렌디한 매력,모델 : 김기범,//image.msscdn.net/images/style/list/l_3_2023090516421200000017162.jpg
33,35529,1,고프코어,23.09.04,조회 453,고프코어,모델 : 천호찬,//image.msscdn.net/images/style/list/l_3_2023083120093500000087698.jpg
34,35528,1,고프코어,23.09.04,조회 318,요즘 대세 룩,모델 : 천호찬,//image.msscdn.net/images/style/list/l_3_2023083120075100000098755.jpg
35,35527,1,고프코어,23.09.04,조회 699,고프코어 룩,모델 : 천호찬,//image.msscdn.net/images/style/list/l_3_2023083120043100000015283.jpg
36,35482,1,고프코어,23.08.29,조회 820,고프코어 패션,모델 : 김수정,//image.msscdn.net/images/style/list/l_3_2023082912241400000070890.jpg
37,35406,1,고프코어,23.08.24,조회 924,뉴 고프코어,모델 : 이민지,//image.msscdn.net/images/style/list/l_3_2023082322513700000018906.jpg
38,35404,1,고프코어,23.08.24,"조회 1,320",모던 유틸리티 룩,모델 : 박태민,//image.msscdn.net/images/style/list/l_3_2023082322450000000053422.jpg
39,35376,1,고프코어,23.08.24,"조회 2,081",유니크한,모델 : 유채림,//image.msscdn.net/images/style/list/l_3_2023082309581100000058181.jpg
40,35336,1,고프코어,23.08.22,"조회 1,391",와이드 실루엣,모델 : 김보미,//image.msscdn.net/images/style/list/l_3_2023082214160500000021651.jpg
41,35331,1,고프코어,23.08.22,조회 625,고프코어 룩,모델 : 김보미,//image.msscdn.net/images/style/list/l_3_2023082214034200000077922.jpg
42,35313,1,고프코어,23.08.21,조회 561,힙해!,모델 : 박재연,//image.msscdn.net/images/style/list/l_3_2023082116080200000065756.jpg
43,35300,1,고프코어,23.08.18,"조회 1,046",모노톤 연출법,모델 : 도아,//image.msscdn.net/images/style/list/l_3_2023081816445200000068861.jpg
44,35288,1,고프코어,23.08.18,"조회 1,436",톤온톤 매치,모델 : 도아,//image.msscdn.net/images/style/list/l_3_2023081815320600000016876.jpg
45,35140,1,고프코어,23.08.11,"조회 1,020",활동성 더하기,모델 : 이준희,//image.msscdn.net/images/style/list/l_3_2023080717534900000066507.jpg
46,35139,1,고프코어,23.08.11,조회 574,아웃도어 스타일,모델 : 이준희,//image.msscdn.net/images/style/list/l_3_2023080717531500000048422.jpg
47,35136,1,고프코어,23.08.11,조회 361,서머 고프코어,모델 : 이준희,//image.msscdn.net/images/style/list/l_3_2023080717484300000040483.jpg
48,35122,1,고프코어,23.08.11,조회 653,캠핑 러버,모델 : 이준희,//image.msscdn.net/images/style/list/l_3_2023080717134100000094238.jpg
49,35186,1,고프코어,23.08.10,"조회 1,045",가벼운 옷차림,모델 : 심규리,//image.msscdn.net/images/style/list/l_3_2023081015595600000082350.jpg
50,35179,1,고프코어,23.08.10,조회 540,오렌지 포인트,모델 : 심규리,//image.msscdn.net/images/style/list/l_3_2023081015424400000079416.jpg
51,35147,1,고프코어,23.08.08,조회 399,캠핑하기 좋은 날,모델 : 김윤기,//image.msscdn.net/images/style/list/l_3_2023080811570200000088190.jpg
52,35146,1,고프코어,23.08.08,조회 614,고프코어 무드,모델 : 김윤기,//image.msscdn.net/images/style/list/l_3_2023080811544400000004083.jpg
53,35142,1,고프코어,23.08.08,조회 448,아웃도어 룩,모델 : 김윤기,//image.msscdn.net/images/style/list/l_3_2023080811452300000039490.jpg
54,35109,1,고프코어,23.08.08,조회 708,고프코어 룩 완성,모델 : 김윤기,//image.msscdn.net/images/style/list/l_3_2023080711324900000002836.jpg
55,35034,1,고프코어,23.08.04,조회 912,대세 스타일,모델 : 이주은,//image.msscdn.net/images/style/list/l_3_2023080216073000000080294.jpg
56,35083,1,고프코어,23.08.03,조회 783,아웃도어 패션,모델 : 윤세찬,//image.msscdn.net/images/style/list/l_3_2023080311582600000016776.jpg
57,35082,1,고프코어,23.08.03,"조회 1,099",벌룬 실루엣,모델 : 윤세찬,//image.msscdn.net/images/style/list/l_3_2023080311562700000064916.jpg
58,35080,1,고프코어,23.08.03,조회 429,캠핑 즐기기,모델 : 윤세찬,//image.msscdn.net/images/style/list/l_3_2023080311520400000029887.jpg
59,35076,1,고프코어,23.08.03,조회 814,셋업 연출법,모델 : 윤세찬,//image.msscdn.net/images/style/list/l_3_2023080311422300000064231.jpg
60,35075,2,고프코어,23.08.03,조회 392,고프코어 스타일,모델 : 윤세찬,//image.msscdn.net/images/style/list/l_3_2023080311400500000049010.jpg
61,35073,2,고프코어,23.08.03,조회 765,유니크해,모델 : 윤세찬,//image.msscdn.net/images/style/list/l_3_2023080311021700000057828.jpg
62,35067,2,고프코어,23.08.03,조회 422,스포티 무드,모델 : 윤세찬,//image.msscdn.net/images/style/list/l_3_2023080310345800000045444.jpg
63,35059,2,고프코어,23.08.02,"조회 1,150",고프코어 스타일,모델 : 김민경,//image.msscdn.net/images/style/list/l_3_2023080218322200000055390.jpg
64,34972,2,고프코어,23.07.31,"조회 1,250",고프코어 패션,모델 : 김다미,//image.msscdn.net/images/style/list/l_3_2023073000161900000068689.jpg
65,34936,2,고프코어,23.07.28,조회 883,트렌디 고프코어,모델 : 김채은,//image.msscdn.net/images/style/list/l_3_2023072715595600000045485.jpg
66,34914,2,고프코어,23.07.28,조회 534,셋업 연출법,모델 : 김경준,//image.msscdn.net/images/style/list/l_3_2023072713084100000087613.jpg
67,34913,2,고프코어,23.07.28,조회 568,아웃도어 패션,모델 : 김경준,//image.msscdn.net/images/style/list/l_3_2023072713032900000097968.jpg
68,34910,2,고프코어,23.07.28,조회 475,캠핑 러버,모델 : 김경준,//image.msscdn.net/images/style/list/l_3_2023072712545200000047473.jpg
69,34909,2,고프코어,23.07.28,조회 653,활동성 UP!,모델 : 김경준,//image.msscdn.net/images/style/list/l_3_2023072712525400000012887.jpg
70,34894,2,고프코어,23.07.27,조회 571,고프코어 룩,모델 : 김한,//image.msscdn.net/images/style/list/l_3_2023072709295600000090954.jpg
71,34884,2,고프코어,23.07.27,조회 370,활동적인 날,모델 : 김한,//image.msscdn.net/images/style/list/l_3_2023072618410200000023601.jpg
72,34689,2,고프코어,23.07.21,조회 413,멋스러워,모델 : 이민수,//image.msscdn.net/images/style/list/l_3_2023071911103000000002607.jpg
73,34688,2,고프코어,23.07.21,조회 309,스포티한 무드,모델 : 이민수,//image.msscdn.net/images/style/list/l_3_2023071911074500000025191.jpg
74,34732,2,고프코어,23.07.20,조회 429,활동성UP!,모델 : 박준성,//image.msscdn.net/images/style/list/l_3_2023071917184200000001058.jpg
75,34768,2,고프코어,23.07.20,"조회 1,276",고프코어 스타일,모델 : 백재원,//image.msscdn.net/images/style/list/l_3_2023072013145200000005720.jpg
76,34717,2,고프코어,23.07.19,"조회 1,150",개성 더하기,모델 : 조수연,//image.msscdn.net/images/style/list/l_3_2023071913011500000072606.jpg
77,34715,2,고프코어,23.07.19,조회 923,편하고 멋스럽게,모델 : 조수연,//image.msscdn.net/images/style/list/l_3_2023071912524900000043001.jpg
78,34677,2,고프코어,23.07.18,조회 741,활동성 더하기,모델 : 진성우,//image.msscdn.net/images/style/list/l_3_2023071812564400000097282.jpg
79,34675,2,고프코어,23.07.18,조회 574,원 마일 웨어,모델 : 진성우,//image.msscdn.net/images/style/list/l_3_2023071720193800000073285.jpg
80,34674,2,고프코어,23.07.18,조회 488,핫한 서머 코디,모델 : 진성우,//image.msscdn.net/images/style/list/l_3_2023071815240500000084292.jpg
81,34673,2,고프코어,23.07.18,조회 504,돋보이는 아웃핏,모델 : 진성우,//image.msscdn.net/images/style/list/l_3_2023071720184500000027784.jpg
82,34631,2,고프코어,23.07.18,조회 780,고프코어 완성,모델 : 은하,//image.msscdn.net/images/style/list/l_3_2023071523561800000045410.jpg
83,34610,2,고프코어,23.07.14,"조회 1,229",편한데 스타일리시해,모델 : 김주영,//image.msscdn.net/images/style/list/l_3_2023071414363500000013663.jpg
84,34551,2,고프코어,23.07.13,조회 965,활동성 UP!,모델 : 박석민,//image.msscdn.net/images/style/list/l_3_2023071215403900000057106.jpg
85,34504,2,고프코어,23.07.12,조회 522,활동적인 하루,모델 : 줄리,//image.msscdn.net/images/style/list/l_3_2023071211194800000034916.jpg
86,34376,2,고프코어,23.07.12,"조회 1,436",[정설 스타일리스트] 힙스터 룩,모델 : 김승후,//image.msscdn.net/images/style/list/l_3_2023071118035400000039221.jpg
87,34391,2,고프코어,23.07.06,"조회 1,554",활동성 UP!,모델 : 김현,//image.msscdn.net/images/style/list/l_3_2023070518184700000009374.jpg
88,33942,2,고프코어,23.06.16,"조회 1,698",고프코어 룩,모델 : 문윤정,//image.msscdn.net/images/style/list/l_3_2023061515491500000022534.jpg
89,33939,2,고프코어,23.06.16,"조회 1,104",레이어링 연출법,모델 : 문윤정,//image.msscdn.net/images/style/list/l_3_2023061515475300000014945.jpg
90,33935,2,고프코어,23.06.16,"조회 1,052",개성 더하기,모델 : 문윤정,//image.msscdn.net/images/style/list/l_3_2023061515461500000056595.jpg
91,33918,2,고프코어,23.06.15,"조회 1,419",셋업으로 멋내기,모델 : 김동규,//image.msscdn.net/images/style/list/l_3_2023061313105500000025196.jpg
92,33889,2,고프코어,23.06.13,"조회 1,802",여름 고프코어,모델 : 박준성,//image.msscdn.net/images/style/list/l_3_2023061216420200000023594.jpg
93,33831,2,고프코어,23.06.09,"조회 1,140",돋보이는 아웃핏,모델 : 게바라,//image.msscdn.net/images/style/list/l_3_2023060915244200000086159.jpg
94,33695,2,고프코어,23.06.02,"조회 1,858",고프코어 패션,모델 : 김혜인,//image.msscdn.net/images/style/list/l_3_2023060212293400000046802.jpg
95,33690,2,고프코어,23.06.02,"조회 3,354",블록코어,모델 : 김혜인,//image.msscdn.net/images/style/list/l_3_2023060212253400000005078.jpg
96,33654,2,고프코어,23.06.02,"조회 1,929",캠퍼 룩,모델 : 이한혁,//image.msscdn.net/images/style/list/l_3_2023060113185200000072203.jpg
97,33653,2,고프코어,23.06.02,"조회 1,795",활동성 UP!,모델 : 이한혁,//image.msscdn.net/images/style/list/l_3_2023060113160100000040783.jpg
98,33668,2,고프코어,23.06.01,"조회 1,148",멋스럽게,모델 : 김예슬,//image.msscdn.net/images/style/list/l_3_2023060113595700000066927.jpg
99,33666,2,고프코어,23.06.01,"조회 1,045",고프코어 스타일,모델 : 김예슬,//image.msscdn.net/images/style/list/l_3_2023060113521900000099095.jpg
100,33494,2,고프코어,23.05.25,조회 743,요즘 대세,모델 : 윤태양,//image.msscdn.net/images/style/list/l_3_2023052516094400000054035.jpg
101,33493,2,고프코어,23.05.25,"조회 1,032",매력적이야,모델 : 윤태양,//image.msscdn.net/images/style/list/l_3_2023052516065500000071183.jpg
102,33460,2,고프코어,23.05.24,"조회 1,283",서머 고프코어,모델 : 강서진,//image.msscdn.net/images/style/list/l_3_2023052409574900000068258.jpg
103,33271,2,고프코어,23.05.19,"조회 2,252",트렌디한 연출,모델 : 지민주,//image.msscdn.net/images/style/list/l_3_2023051710480100000065801.jpg
104,33316,2,고프코어,23.05.19,조회 784,스포티 무드,모델 : 함동현,//image.msscdn.net/images/style/list/l_3_2023051714220700000075463.jpg
105,33373,2,고프코어,23.05.18,"조회 2,112",쿨한 무드,모델 : 유예린,//image.msscdn.net/images/style/list/l_3_2023051815212000000009641.jpg
106,33367,2,고프코어,23.05.18,"조회 2,851",요즘 대세,모델 : 유예린,//image.msscdn.net/images/style/list/l_3_2023051815183500000075641.jpg
107,33365,2,고프코어,23.05.18,"조회 2,404",활동성 UP!,모델 : 유예린,//image.msscdn.net/images/style/list/l_3_2023051815174400000038323.jpg
108,33363,2,고프코어,23.05.18,"조회 1,116",캠핑 룩 추천!,모델 : 유예린,//image.msscdn.net/images/style/list/l_3_2023051815163200000063260.jpg
109,33361,2,고프코어,23.05.18,"조회 1,019",멋쁨 그 자체,모델 : 유예린,//image.msscdn.net/images/style/list/l_3_2023051815154000000043882.jpg
110,33351,2,고프코어,23.05.18,"조회 3,679",워너비 매치,모델 : 유예린,//image.msscdn.net/images/style/list/l_3_2023051814594300000031928.jpg
111,33192,2,고프코어,23.05.17,조회 972,워너비 고프코어,모델 : 이정준,//image.msscdn.net/images/style/list/l_3_2023051216214700000038546.jpg
112,33191,2,고프코어,23.05.17,조회 759,유니크한 스포츠 룩,모델 : 이정준,//image.msscdn.net/images/style/list/l_3_2023051216192800000072210.jpg
113,33179,2,고프코어,23.05.12,"조회 2,203",따라 입고 싶은,모델 : 고형범,//image.msscdn.net/images/style/list/l_3_2023051211421200000045602.jpg
114,33171,2,고프코어,23.05.12,"조회 1,854",이지 고프코어,모델 : 고형범,//image.msscdn.net/images/style/list/l_3_2023051211214700000030743.jpg
115,32990,2,고프코어,23.05.09,조회 737,개성 있는 조합,모델 : 박재연,//image.msscdn.net/images/style/list/l_3_2023050419195800000005028.jpg
116,33046,2,고프코어,23.05.08,"조회 3,090",활동적인 하루,모델 : 이주은,//image.msscdn.net/images/style/list/l_3_2023050811221400000029652.jpg
117,32891,2,고프코어,23.05.04,"조회 5,366",비 오는 날 코디,모델 : KEN,//image.msscdn.net/images/style/list/l_3_2023042717474300000053430.jpg
118,32958,2,고프코어,23.05.03,조회 823,HIP!,모델 : 김혜인,//image.msscdn.net/images/style/list/l_3_2023050318064500000061808.jpg
119,32954,2,고프코어,23.05.03,"조회 2,413",센스 있는 매치,모델 : 김혜인,//image.msscdn.net/images/style/list/l_3_2023050317582600000072682.jpg
120,32946,3,고프코어,23.05.03,"조회 1,665",믹스 매치,모델 : 김혜인,//image.msscdn.net/images/style/list/l_3_2023050317383500000006372.jpg
121,32945,3,고프코어,23.05.03,"조회 2,251",유니크 고프코어,모델 : 김혜인,//image.msscdn.net/images/style/list/l_3_2023050317363000000083826.jpg
122,32884,3,고프코어,23.05.02,"조회 1,867",활동성 UP!,모델 : KEN,//image.msscdn.net/images/style/list/l_3_2023042717255400000037072.jpg
123,32842,3,고프코어,23.05.02,"조회 1,095",스타일의 한 끗,모델 : 현예진,//image.msscdn.net/images/style/list/l_3_2023042710163400000025675.jpg
124,32834,3,고프코어,23.05.02,"조회 2,214",걸 크러시!,모델 : 현예진,//image.msscdn.net/images/style/list/l_3_2023042710124700000054652.jpg
125,32833,3,고프코어,23.05.02,"조회 1,943",아웃도어를 즐겨,모델 : 현예진,//image.msscdn.net/images/style/list/l_3_2023042710121800000018002.jpg
126,32832,3,고프코어,23.05.02,"조회 2,947",핫한 조합,모델 : 현예진,//image.msscdn.net/images/style/list/l_3_2023042710112900000080048.jpg
127,32831,3,고프코어,23.05.02,조회 982,컬러를 더해,모델 : 현예진,//image.msscdn.net/images/style/list/l_3_2023042710105800000073296.jpg
128,32830,3,고프코어,23.05.02,"조회 2,397",라이징 스타일,모델 : 현예진,//image.msscdn.net/images/style/list/l_3_2023042710102700000012455.jpg
129,32827,3,고프코어,23.05.02,"조회 1,345",캠핑 코디,모델 : 현예진,//image.msscdn.net/images/style/list/l_3_2023042710085900000040031.jpg
130,32910,3,고프코어,23.05.01,"조회 1,414",센스 더하기,모델 : 임병노,//image.msscdn.net/images/style/list/l_3_2023042809392800000059901.jpg
131,32908,3,고프코어,23.05.01,"조회 1,491",개성 만점,모델 : 임병노,//image.msscdn.net/images/style/list/l_3_2023042809383000000069484.jpg
132,32893,3,고프코어,23.05.01,"조회 2,179",트렌디한 조합,모델 : 임병노,//image.msscdn.net/images/style/list/l_3_2023042809280400000029036.jpg
133,32892,3,고프코어,23.05.01,조회 969,편안한 연출,모델 : 임병노,//image.msscdn.net/images/style/list/l_3_2023042809271300000000290.jpg
134,32872,3,고프코어,23.04.28,"조회 2,209",톤온톤 매치,모델 : 한승희,//image.msscdn.net/images/style/list/l_3_2023042716141900000063001.jpg
135,32789,3,고프코어,23.04.26,"조회 2,530",올 블랙의 멋,모델 : 김채연,//image.msscdn.net/images/style/list/l_3_2023042611514700000062779.jpg
136,32721,3,고프코어,23.04.21,"조회 2,016",활동성 UP!,모델 : 조수연,//image.msscdn.net/images/style/list/l_3_2023042012240800000014000.jpg
137,32715,3,고프코어,23.04.21,"조회 3,463",고프코어 스타일,모델 : 조수연,//image.msscdn.net/images/style/list/l_3_2023042011430100000054915.jpg
138,32691,3,고프코어,23.04.20,"조회 1,170",고프코어 룩,모델 : 이제이,//image.msscdn.net/images/style/list/l_3_2023041912563800000042146.jpg
139,32690,3,고프코어,23.04.20,"조회 2,319",활동적인 날,모델 : 이제이,//image.msscdn.net/images/style/list/l_3_2023041912560700000032310.jpg
140,32689,3,고프코어,23.04.20,"조회 2,408",스타일 뽐내기,모델 : 이제이,//image.msscdn.net/images/style/list/l_3_2023041912554000000017310.jpg
141,32688,3,고프코어,23.04.20,"조회 1,631",개성을 더해,모델 : 이제이,//image.msscdn.net/images/style/list/l_3_2023041912551600000013895.jpg
142,32681,3,고프코어,23.04.20,"조회 1,817",톤온톤 코디,모델 : 이제이,//image.msscdn.net/images/style/list/l_3_2023041912515900000052703.jpg
143,32646,3,고프코어,23.04.19,"조회 1,385",패턴 포인트,모델 : 송호준,//image.msscdn.net/images/style/list/l_3_2023041817123300000081505.jpg
144,32645,3,고프코어,23.04.19,"조회 1,898",활동성 UP!,모델 : 송호준,//image.msscdn.net/images/style/list/l_3_2023041817105800000034507.jpg
145,32644,3,고프코어,23.04.19,"조회 1,425",담백한 차림새,모델 : 송호준,//image.msscdn.net/images/style/list/l_3_2023041817085400000065970.jpg
146,32643,3,고프코어,23.04.19,"조회 2,836",뉴트럴 톤 매치,모델 : 송호준,//image.msscdn.net/images/style/list/l_3_2023041817065800000038186.jpg
147,32642,3,고프코어,23.04.19,"조회 2,866",캠핑 러버,모델 : 송호준,//image.msscdn.net/images/style/list/l_3_2023041816573800000070751.jpg
148,32641,3,고프코어,23.04.19,"조회 2,290",따라 입고 싶은,모델 : 송호준,//image.msscdn.net/images/style/list/l_3_2023041816510800000061401.jpg
149,32567,3,고프코어,23.04.13,"조회 5,968",편안하고 멋스럽게,모델 : 김채은,//image.msscdn.net/images/style/list/l_3_2023041211223600000027635.jpg
150,32554,3,고프코어,23.04.12,"조회 1,780",핫한 스타일,모델 : 김다미,//image.msscdn.net/images/style/list/l_3_2023041211025800000050184.jpg
151,32551,3,고프코어,23.04.12,"조회 2,740",고프코어의 매력,모델 : 김다미,//image.msscdn.net/images/style/list/l_3_2023041211013000000042932.jpg
152,32541,3,고프코어,23.04.12,"조회 1,491",활동성 UP!,모델 : 장상훈,//image.msscdn.net/images/style/list/l_3_2023041117265600000017912.jpg
153,32539,3,고프코어,23.04.12,"조회 1,477",믹스 매치,모델 : 장상훈,//image.msscdn.net/images/style/list/l_3_2023041117233200000003495.jpg
154,32538,3,고프코어,23.04.12,"조회 1,540",아웃도어 캐주얼,모델 : 장상훈,//image.msscdn.net/images/style/list/l_3_2023041117211900000084287.jpg
155,32536,3,고프코어,23.04.12,"조회 1,702",환절기 고프코어,모델 : 장상훈,//image.msscdn.net/images/style/list/l_3_2023041117160300000033683.jpg
156,32535,3,고프코어,23.04.12,조회 906,꾸민 듯 안 꾸민 듯,모델 : 장상훈,//image.msscdn.net/images/style/list/l_3_2023041117135600000065591.jpg
157,32534,3,고프코어,23.04.12,조회 925,유니크 끝판왕,모델 : 장상훈,//image.msscdn.net/images/style/list/l_3_2023041117120000000052628.jpg
158,32531,3,고프코어,23.04.12,"조회 2,186",캠퍼 스타일,모델 : 장상훈,//image.msscdn.net/images/style/list/l_3_2023041117055000000019267.jpg
159,32529,3,고프코어,23.04.12,"조회 1,432",가벼운 매치,모델 : 장상훈,//image.msscdn.net/images/style/list/l_3_2023041116594100000059084.jpg
160,32523,3,고프코어,23.04.12,조회 644,뉴트럴 톤,모델 : 장상훈,//image.msscdn.net/images/style/list/l_3_2023041116464700000081827.jpg
161,32511,3,고프코어,23.04.11,"조회 2,456",서머 고프코어,모델 : 이채원,//image.msscdn.net/images/style/list/l_3_2023041016353400000095131.jpg
162,32510,3,고프코어,23.04.11,조회 763,사파리 무드,모델 : 이채원,//image.msscdn.net/images/style/list/l_3_2023041016331100000070798.jpg
163,32509,3,고프코어,23.04.11,"조회 2,135",캠핑 러버,모델 : 이채원,//image.msscdn.net/images/style/list/l_3_2023041016303000000094931.jpg
164,32508,3,고프코어,23.04.11,"조회 1,198",센스 만점,모델 : 이채원,//image.msscdn.net/images/style/list/l_3_2023041016282100000071666.jpg
165,32505,3,고프코어,23.04.11,"조회 2,101",아웃도어 패션,모델 : 이채원,//image.msscdn.net/images/style/list/l_3_2023041016213200000087186.jpg
166,32504,3,고프코어,23.04.11,"조회 2,292",뉴트럴 색감,모델 : 이채원,//image.msscdn.net/images/style/list/l_3_2023041016193400000004079.jpg
167,32503,3,고프코어,23.04.11,"조회 2,845",활동성 UP!,모델 : 이채원,//image.msscdn.net/images/style/list/l_3_2023041016172700000066418.jpg
168,32502,3,고프코어,23.04.11,"조회 2,109",컬러 조합이 관건,모델 : 이채원,//image.msscdn.net/images/style/list/l_3_2023041016131700000096852.jpg
169,32501,3,고프코어,23.04.11,"조회 1,087",유니크 고프코어,모델 : 이채원,//image.msscdn.net/images/style/list/l_3_2023041016110600000078379.jpg
170,32500,3,고프코어,23.04.11,"조회 2,257",멋스러운 블랙,모델 : 이채원,//image.msscdn.net/images/style/list/l_3_2023041016082300000021993.jpg
171,32499,3,고프코어,23.04.11,"조회 2,050",원 컬러 포인트,모델 : 이채원,//image.msscdn.net/images/style/list/l_3_2023041016060400000001860.jpg
172,32428,3,고프코어,23.04.05,"조회 2,375",누구나 편하게,모델 : 홍지윤,//image.msscdn.net/images/style/list/l_3_2023040513593300000044570.jpg
173,32422,3,고프코어,23.04.05,"조회 1,956",셋업 활용법,모델 : 홍지윤,//image.msscdn.net/images/style/list/l_3_2023040513563000000053408.jpg
174,32370,3,고프코어,23.04.03,"조회 2,928",고프코어 스타일,모델 : 권수현,//image.msscdn.net/images/style/list/l_3_2023040313085000000014110.jpg
175,32341,3,고프코어,23.03.31,"조회 1,971",아웃도어 패션,모델 : 조효인,//image.msscdn.net/images/style/list/l_3_2023033015062300000042391.jpg
176,32337,3,고프코어,23.03.31,"조회 1,644",시선을 끄는,모델 : 조효인,//image.msscdn.net/images/style/list/l_3_2023033015040800000026613.jpg
177,32327,3,고프코어,23.03.30,"조회 2,626",스포츠 캐주얼,모델 : 이채령,//image.msscdn.net/images/style/list/l_3_2023032916474400000020601.jpg
178,32325,3,고프코어,23.03.30,"조회 2,188",센스 만점,모델 : 이채령,//image.msscdn.net/images/style/list/l_3_2023032916441800000083712.jpg
179,32324,3,고프코어,23.03.30,"조회 2,400",환절기 고프코어,모델 : 이채령,//image.msscdn.net/images/style/list/l_3_2023032916420400000046784.jpg
180,32322,4,고프코어,23.03.30,"조회 1,349",고프코어 룩,모델 : 이채령,//image.msscdn.net/images/style/list/l_3_2023032916381300000005019.jpg
181,32321,4,고프코어,23.03.30,"조회 1,344",일상 아웃도어,모델 : 이채령,//image.msscdn.net/images/style/list/l_3_2023032916361700000026388.jpg
182,32319,4,고프코어,23.03.30,"조회 1,411",활동성 UP!,모델 : 이채령,//image.msscdn.net/images/style/list/l_3_2023032916315000000013863.jpg
183,32203,4,고프코어,23.03.23,"조회 1,959",아노락 연출법,모델 : 윤유정,//image.msscdn.net/images/style/list/l_3_2023032216385000000002066.jpg
184,32186,4,고프코어,23.03.22,"조회 4,236",고프코어 룩,모델 : 기무,//image.msscdn.net/images/style/list/l_3_2023032117564200000072641.jpg
185,32174,4,고프코어,23.03.22,"조회 2,539",고프코어 룩,모델 : 홍유진,//image.msscdn.net/images/style/list/l_3_2023032115341100000002328.jpg
186,32173,4,고프코어,23.03.22,"조회 1,576",빈티지 색감,모델 : 홍유진,//image.msscdn.net/images/style/list/l_3_2023032115322900000070404.jpg
187,32169,4,고프코어,23.03.22,"조회 1,923",워너비 스타일,모델 : 홍유진,//image.msscdn.net/images/style/list/l_3_2023032115242000000046647.jpg
188,32165,4,고프코어,23.03.22,"조회 2,761",트렌디한 조합,모델 : 홍유진,//image.msscdn.net/images/style/list/l_3_2023032115161500000017777.jpg
189,32163,4,고프코어,23.03.22,"조회 1,667",센스 만점,모델 : 홍유진,//image.msscdn.net/images/style/list/l_3_2023032115121200000008243.jpg
190,32161,4,고프코어,23.03.22,"조회 1,340",손쉽게 멋 내기,모델 : 홍유진,//image.msscdn.net/images/style/list/l_3_2023032115083800000047213.jpg
191,32153,4,고프코어,23.03.21,"조회 3,162",고프코어 룩,모델 : 김우주,//image.msscdn.net/images/style/list/l_3_2023032011403100000074562.jpg
192,31913,4,고프코어,23.03.03,"조회 2,821",고프코어 룩,모델 : 배기환,//image.msscdn.net/images/style/list/l_3_2023030315452700000008571.jpg
193,31811,4,고프코어,23.02.28,"조회 1,594",뉴트럴 톤,모델 : 김한,//image.msscdn.net/images/style/list/l_3_2023022710155500000003817.jpg
194,31743,4,고프코어,23.02.24,"조회 3,033",편하게 완성,모델 : 이희성,//image.msscdn.net/images/style/list/l_3_2023022214455900000044304.jpg
195,31741,4,고프코어,23.02.24,"조회 4,179",스포티한 무드,모델 : 이희성,//image.msscdn.net/images/style/list/l_3_2023022214444300000085642.jpg
196,31717,4,고프코어,23.02.22,"조회 1,620",아웃도어 룩,모델 : 손성민,//image.msscdn.net/images/style/list/l_3_2023022211274400000009407.jpg
197,31714,4,고프코어,23.02.22,"조회 1,300",고프코어가 대세,모델 : 손성민,//image.msscdn.net/images/style/list/l_3_2023022211255100000021905.jpg
198,31710,4,고프코어,23.02.22,"조회 1,724",파스텔 톤 코디,모델 : 손성민,//image.msscdn.net/images/style/list/l_3_2023022211233700000060677.jpg
199,31625,4,고프코어,23.02.16,"조회 1,745",스포티 캐주얼,모델 : 박현빈,//image.msscdn.net/images/style/list/l_3_2023021515412200000034936.jpg
200,31622,4,고프코어,23.02.16,"조회 2,064",셋업 스타일링,모델 : 박현빈,//image.msscdn.net/images/style/list/l_3_2023021515342200000018092.jpg
201,31582,4,고프코어,23.02.14,"조회 1,562",톤온톤 코디,모델 : 한승희,//image.msscdn.net/images/style/list/l_3_2023021416211800000006915.jpg
202,31580,4,고프코어,23.02.14,"조회 1,997",레이어드 강조,모델 : 한승희,//image.msscdn.net/images/style/list/l_3_2023021416141700000074801.jpg
203,31578,4,고프코어,23.02.14,"조회 1,393",스타일리시하게 완성,모델 : 한승희,//image.msscdn.net/images/style/list/l_3_2023021416065500000075218.jpg
204,31576,4,고프코어,23.02.14,"조회 1,577",하이킹 가자!,모델 : 한승희,//image.msscdn.net/images/style/list/l_3_2023021416002600000001232.jpg
205,31571,4,고프코어,23.02.14,"조회 1,626",아웃도어 룩,모델 : 한승희,//image.msscdn.net/images/style/list/l_3_2023021415210100000053637.jpg
206,31545,4,고프코어,23.02.10,"조회 4,047",고프코어 룩,모델 : 박준성,//image.msscdn.net/images/style/list/l_3_2023020915383400000006346.jpg
207,31413,4,고프코어,23.02.03,"조회 2,267",아웃도어 룩,모델 : 이채원,//image.msscdn.net/images/style/list/l_3_2023020215470400000038870.jpg
208,31351,4,고프코어,23.01.31,"조회 1,277",스포티 무드,모델 : 박준성,//image.msscdn.net/images/style/list/l_3_2023013011065400000016435.jpg
209,31139,4,고프코어,23.01.18,"조회 1,068",겨울 아웃도어,모델 : 송호준,//image.msscdn.net/images/style/list/l_3_2023011711385700000027639.jpg
210,31132,4,고프코어,23.01.18,"조회 2,518",고프코어 룩,모델 : 송호준,//image.msscdn.net/images/style/list/l_3_2023011711240100000027639.jpg
211,31081,4,고프코어,23.01.13,"조회 2,339",활동성 UP!,모델 : 김명표,//image.msscdn.net/images/style/list/l_3_2023011215414400000028254.jpg
212,31080,4,고프코어,23.01.13,"조회 1,249",겨울 고프코어,모델 : 김명표,//image.msscdn.net/images/style/list/l_3_2023011215391000000094993.jpg
213,31070,4,고프코어,23.01.11,"조회 1,221",고프코어 스타일,모델 : 이태준,//image.msscdn.net/images/style/list/l_3_2023011115281200000084850.jpg
214,30988,4,고프코어,23.01.06,"조회 2,062",고프코어 끝판왕,모델 : 우지우,//image.msscdn.net/images/style/list/l_3_2023010612500300000039176.jpg
215,30834,4,고프코어,22.12.28,"조회 1,416",컬러에 반했어,모델 : 김충의,//image.msscdn.net/images/style/list/l_3_2022122817404300000080075.jpg
216,30833,4,고프코어,22.12.28,"조회 1,435",마무리가 중요해,모델 : 김충의,//image.msscdn.net/images/style/list/l_3_2022122817353200000057525.jpg
217,30829,4,고프코어,22.12.28,"조회 2,148",즐겨 입게 돼,모델 : 김충의,//image.msscdn.net/images/style/list/l_3_2022122817170000000021261.jpg
218,30767,4,고프코어,22.12.27,"조회 1,207",스포티 무드,모델 : 죠니,//image.msscdn.net/images/style/list/l_3_2022122714420100000004061.jpg
219,30758,4,고프코어,22.12.26,"조회 2,953",고프코어 룩,모델 : 이윤지,//image.msscdn.net/images/style/list/l_3_2022122611203600000010810.jpg
220,30743,4,고프코어,22.12.26,"조회 2,002",대세는 고프코어,모델 : 글렙,//image.msscdn.net/images/style/list/l_3_2022122314504800000014096.jpg
221,30736,4,고프코어,22.12.26,"조회 1,278",활동적인 날,모델 : 글렙,//image.msscdn.net/images/style/list/l_3_2022122314334900000055858.jpg
222,30578,4,고프코어,22.12.14,"조회 1,695",한파에 제격,모델 : 김동규,//image.msscdn.net/images/style/list/l_3_2022121422524900000034898.jpg
223,30557,4,고프코어,22.12.13,"조회 1,231",겨울 고프코어 룩,모델 : 이효성,//image.msscdn.net/images/style/list/l_3_2022121317180200000026957.jpg
224,30461,4,고프코어,22.12.07,"조회 1,597",빈티지한 멋,모델 : 최규민,//image.msscdn.net/images/style/list/l_3_2022120715462500000065238.jpg
225,30460,4,고프코어,22.12.07,"조회 1,078",스포츠 캐주얼,모델 : 최규민,//image.msscdn.net/images/style/list/l_3_2022120715441100000029735.jpg
226,30451,4,고프코어,22.12.07,"조회 2,230",레이어링 연출,모델 : 최규민,//image.msscdn.net/images/style/list/l_3_2022120715125400000033538.jpg
227,30434,4,고프코어,22.12.07,"조회 1,514",고프코어 스타일,모델 : 진다민,//image.msscdn.net/images/style/list/l_3_2022120708513300000059819.jpg
228,30327,4,고프코어,22.11.30,"조회 1,642",고프코어 룩,모델 : 임재완,//image.msscdn.net/images/style/list/l_3_2022113015022600000044080.jpg
229,30302,4,고프코어,22.11.29,"조회 2,302",고프코어 룩,모델 : 장원재,//image.msscdn.net/images/style/list/l_3_2022112812054300000030106.jpg
230,30293,4,고프코어,22.11.29,"조회 1,737",이지 고프코어,모델 : 장원재,//image.msscdn.net/images/style/list/l_3_2022112811330300000069618.jpg
231,30216,4,고프코어,22.11.25,"조회 2,190",활동성  UP!,모델 : 나한울,//image.msscdn.net/images/style/list/l_3_2022112315273500000018980.jpg
232,30238,4,고프코어,22.11.23,"조회 2,099",겨울 스포츠,모델 : 이주한,//image.msscdn.net/images/style/list/l_3_2022112317400800000060488.jpg
233,30179,4,고프코어,22.11.22,"조회 1,294",고프코어 패션,모델 : 박준석,//image.msscdn.net/images/style/list/l_3_2022112215242800000078381.jpg
234,30112,4,고프코어,22.11.18,"조회 2,081",고프코어가 대세,모델 : 김어진,//image.msscdn.net/images/style/list/l_3_2022111718304100000055760.jpg
235,30137,4,고프코어,22.11.17,"조회 1,170",요즘 트렌드,모델 : 박홍,//image.msscdn.net/images/style/list/l_3_2022111815294600000035047.jpg
236,30136,4,고프코어,22.11.17,"조회 2,189",아웃도어 패션,모델 : 박홍,//image.msscdn.net/images/style/list/l_3_2022111815250300000008026.jpg
237,30135,4,고프코어,22.11.17,"조회 1,974",겨울 캠핑 코디,모델 : 박홍,//image.msscdn.net/images/style/list/l_3_2022111815175800000082012.jpg
238,30134,4,고프코어,22.11.17,"조회 2,873",시선 강탈,모델 : 박홍,//image.msscdn.net/images/style/list/l_3_2022111815133400000047077.jpg
239,30125,4,고프코어,22.11.17,"조회 2,766",고프코어의 매력,모델 : 박홍,//image.msscdn.net/images/style/list/l_3_2022111810502400000001545.jpg
240,30046,5,고프코어,22.11.17,"조회 2,179",아웃도어 스타일,모델 : 박홍,//image.msscdn.net/images/style/list/l_3_2022111509305500000010616.jpg
241,30045,5,고프코어,22.11.17,"조회 2,280",트렌디해!,모델 : 박홍,//image.msscdn.net/images/style/list/l_3_2022111509261700000039242.jpg
242,30044,5,고프코어,22.11.17,"조회 2,056",따듯함과 편안함,모델 : 박홍,//image.msscdn.net/images/style/list/l_3_2022111509163400000099922.jpg
243,30043,5,고프코어,22.11.17,"조회 1,226",컬러 매치가 관건,모델 : 박홍,//image.msscdn.net/images/style/list/l_3_2022111509113300000034045.jpg
244,30048,5,고프코어,22.11.16,"조회 1,428",아웃도어 룩,모델 : 김진령,//image.msscdn.net/images/style/list/l_3_2022111510173900000023973.jpg
245,30078,5,고프코어,22.11.15,"조회 1,327",겨울 등산 룩,모델 : 미라이,//image.msscdn.net/images/style/list/l_3_2022111514385900000080550.jpg
246,30042,5,고프코어,22.11.14,"조회 2,548",고프코어 룩 추천!,모델 : 홍유진,//image.msscdn.net/images/style/list/l_3_2022111415074100000098748.jpg
247,30040,5,고프코어,22.11.14,"조회 2,130",겨울 캠핑 룩,모델 : 홍유진,//image.msscdn.net/images/style/list/l_3_2022111414595100000074523.jpg
248,30036,5,고프코어,22.11.14,"조회 2,018",믹스 매치,모델 : 홍유진,//image.msscdn.net/images/style/list/l_3_2022111414422100000090068.jpg
249,30035,5,고프코어,22.11.14,"조회 1,796",빈티지 조합,모델 : 홍유진,//image.msscdn.net/images/style/list/l_3_2022111414372300000025329.jpg
250,30034,5,고프코어,22.11.14,"조회 1,966",디테일 가득!,모델 : 홍유진,//image.msscdn.net/images/style/list/l_3_2022111414363100000017713.jpg
251,30033,5,고프코어,22.11.14,"조회 1,799",아웃도어 활용법,모델 : 홍유진,//image.msscdn.net/images/style/list/l_3_2022111414273500000001854.jpg
252,30032,5,고프코어,22.11.14,"조회 1,711",러프한 매력,모델 : 홍유진,//image.msscdn.net/images/style/list/l_3_2022111414223100000099315.jpg
253,29989,5,고프코어,22.11.11,"조회 1,414",대세는 고프코어,모델 : 김리한,//image.msscdn.net/images/style/list/l_3_2022111012023100000051273.jpg
254,29988,5,고프코어,22.11.11,"조회 1,195",오렌지 포인트!,모델 : 김리한,//image.msscdn.net/images/style/list/l_3_2022111012002600000081812.jpg
255,29984,5,고프코어,22.11.11,"조회 3,371",센스 만점!,모델 : 김리한,//image.msscdn.net/images/style/list/l_3_2022111011515500000037280.jpg
256,29944,5,고프코어,22.11.08,조회 957,아웃도어 스타일,모델 : 이태훈,//image.msscdn.net/images/style/list/l_3_2022110814305700000001044.jpg
257,29943,5,고프코어,22.11.08,조회 754,겨울 스포티,모델 : 이태훈,//image.msscdn.net/images/style/list/l_3_2022110814271000000076924.jpg
258,29899,5,고프코어,22.11.04,"조회 2,825",컬러 조합이 관건,모델 : 강호성,//image.msscdn.net/images/style/list/l_3_2022110317335900000064919.jpg
259,29897,5,고프코어,22.11.04,"조회 1,686",이지 고프코어,모델 : 강호성,//image.msscdn.net/images/style/list/l_3_2022110317163600000033821.jpg
260,29853,5,고프코어,22.11.02,"조회 1,835",대세는 고프코어!,모델 : 류윤주,//image.msscdn.net/images/style/list/l_3_2022110211404800000044814.jpg
261,29842,5,고프코어,22.11.02,"조회 4,491",요즘 눈에 띄어!,모델 : 류윤주,//image.msscdn.net/images/style/list/l_3_2022110211192800000050739.jpg
262,29812,5,고프코어,22.11.01,"조회 2,096",일상 아웃도어,모델 : 박건우,//image.msscdn.net/images/style/list/l_3_2022103116482900000058668.jpg
263,29811,5,고프코어,22.11.01,"조회 3,099",고프코어 룩,모델 : 박건우,//image.msscdn.net/images/style/list/l_3_2022103116462700000072601.jpg
264,28367,5,고프코어,22.08.11,"조회 1,515",가벼운 아웃도어,모델 : 최용현,//image.msscdn.net/images/style/list/l_3_2022081116104700000048522.jpg
265,28102,5,고프코어,22.07.29,"조회 1,526",캠핑 가자!,모델 : 박건우,//image.msscdn.net/images/style/list/l_3_2022072912093800000032274.jpg
266,28042,5,고프코어,22.07.28,"조회 2,551",아웃도어 룩,모델 : 권수현,//image.msscdn.net/images/style/list/l_3_2022072809520000000007319.jpg
267,28020,5,고프코어,22.07.27,"조회 1,903",캠핑이 좋아,모델 : 김지호,//image.msscdn.net/images/style/list/l_3_2022072709530500000084455.jpg
268,27958,5,고프코어,22.07.22,"조회 1,842",캠핑 가자!,모델 : 이한혁,//image.msscdn.net/images/style/list/l_3_2022072115275000000074959.jpg
269,27022,5,고프코어,22.05.30,"조회 3,853",트렌디한 등산 룩,모델 : 곽태용,//image.msscdn.net/images/style/list/l_3_2022053017245600000075374.jpg
270,26541,5,고프코어,22.04.29,"조회 6,125",캠핑 가자!,모델 : 김어진,//image.msscdn.net/images/style/list/l_3_2022042817315100000052281.jpg
271,26246,5,고프코어,22.04.14,"조회 4,183",스포티한 무드,모델 : 김보성,//image.msscdn.net/images/style/list/l_3_2022041411062500000073960.jpg
272,25935,5,고프코어,22.03.29,"조회 2,890",꾸안꾸 조합,모델 : 전태훈,//image.msscdn.net/images/style/list/l_3_2022032813285800000049032.jpg
273,25931,5,고프코어,22.03.29,"조회 4,288",편하게 스타일링,모델 : 전태훈,//image.msscdn.net/images/style/list/l_3_2022032813162500000001310.jpg
274,25429,5,고프코어,22.02.28,"조회 2,463",캠핑 가는 날,모델 : 박수현,//image.msscdn.net/images/style/list/l_3_2022022415045300000087678.jpg
275,24808,5,고프코어,22.01.18,"조회 2,582",스포티 무드,모델 : 임재완,//image.msscdn.net/images/style/list/l_3_2022011814434900000066485.jpg
276,23450,5,고프코어,21.10.28,"조회 2,706",캠핑 가는 날,모델 : 임재완,//image.msscdn.net/images/style/list/l_3_2021102810422700000004399.jpg
277,22825,5,고프코어,21.09.14,"조회 1,602",요즘 캠핑 룩,모델 : 이현석,//image.msscdn.net/images/style/list/l_3_2021091409320900000043856.jpg
278,22534,5,고프코어,21.08.27,"조회 3,452",캠핑 패션,모델 : 박형빈,//image.msscdn.net/images/style/list/l_3_2021082617511600000075354.jpg
279,22523,5,고프코어,21.08.27,"조회 2,394",차박에 제격,모델 : 박형빈,//image.msscdn.net/images/style/list/l_3_2021082611550300000087355.jpg
280,22468,5,고프코어,21.08.24,"조회 2,224",셋업 연출하기,모델 : 이태준,//image.msscdn.net/images/style/list/l_3_2021082409163900000090413.jpg
281,22430,5,고프코어,21.08.20,"조회 4,209",스포츠 즐기기,모델 : 박호영,//image.msscdn.net/images/style/list/l_3_2021082010123900000065271.jpg
282,22301,5,고프코어,21.08.12,"조회 3,506",캠핑 가는 날,모델 : 권태은,//image.msscdn.net/images/style/list/l_3_2021081211262300000012643.jpg
283,21677,5,고프코어,21.06.29,"조회 1,901",필수 레이어드,모델 : 최효근,//image.msscdn.net/images/style/list/l_3_2021062915084100000006457.jpg
284,21396,5,고프코어,21.06.10,"조회 1,739",스포츠 즐기기,모델 : 함재민,//image.msscdn.net/images/style/list/l_3_2021061011491700000031789.jpg
285,21323,5,고프코어,21.06.08,"조회 1,661",캠핑 가자!,모델 : 박준성,//image.msscdn.net/images/style/list/l_3_2021060715454800000017336.jpg
286,21185,5,고프코어,21.05.28,"조회 1,610",가벼운 스포츠 룩,모델 : 이지한,//image.msscdn.net/images/style/list/l_3_2021052811050800000007507.jpg
287,21087,5,고프코어,21.05.21,"조회 1,751",스포츠 즐기기,모델 : 최규민,//image.msscdn.net/images/style/list/l_3_2021052110420100000068096.jpg
288,20947,5,고프코어,21.05.04,"조회 2,959",트레킹 룩에 제격,모델 : 임재완,//image.msscdn.net/images/style/list/l_3_2021050412155700000006423.jpg
